{
    "accuracy": 0.8211497515968772,
    "precision": 0.6850152905198776,
    "recall": 0.6005361930294906,
    "f1_score": 0.64,
    "roc_auc": 0.7505576718043206
}